X1,X2,Y
-1.535892831,0.735457588,0
-0.386208485,-10.58631358,1
7.573997728,4.795676984,0
27.60580464,9.066701707,0
-19.85839531,4.41339137,0
-20.59035865,11.44189633,0
13.94000636,-19.31605978,1
-4.352582471,5.174003252,0
-4.553767838,1.528478735,0
18.06751791,1.28285572,0
17.6515779,-0.300043709,0
3.067148677,18.26628815,0
-0.12348844,14.87823083,0
-3.21856738,-11.23455285,1
4.461077177,19.02256939,0
-12.59427759,4.232440706,0
-15.06561206,10.66707558,0
-6.783159296,6.179031728,0
-8.726936501,17.28187308,0
-5.020878433,-15.02142996,1
4.972164235,-3.019810568,0
-13.01270002,10.51338602,0
18.34876151,-1.332797023,0
16.2274768,-2.679737679,0
2.631795401,-10.61766901,1
10.49952135,11.51407163,0
16.17132817,14.39300985,0
2.762463838,-10.02089836,1
2.349838874,-22.96233133,1
-13.25208718,5.068387681,0
-11.22191374,16.70002252,0
6.280496191,-8.237199374,1
16.29300356,4.042037293,0
6.164274268,15.84818948,0
-4.14683461,1.325119494,0
-12.33234449,12.2407961,0
-17.6467226,7.082156892,0
-9.996246967,15.76069359,0
6.939575852,-21.91032509,1
-7.185656746,-20.92788618,1
12.28378624,-10.15715756,1
-16.43157809,8.080644896,0
4.889986483,9.535607918,0
18.45310441,4.567617158,0
9.578978304,-9.45971604,1
-14.10161379,-15.38269054,1
-27.33025812,14.19447769,0
-0.222827677,-16.60938821,1
-11.15636878,4.50664738,0
-0.733293141,-23.73434028,1
15.49758447,-15.48702609,1
-18.72039508,0.161702427,0
-17.46616499,5.797583474,0
11.13061958,6.965592245,0
-7.745614686,5.118871818,0
5.256779383,-7.618434774,1
3.666955936,16.98220117,0
-14.64054352,11.36703439,0
12.34281699,0.455478205,0
4.410460131,-8.302683002,1
-16.02089094,0.214269049,0
11.12185066,-14.99108267,1
-4.742355819,6.292231151,0
4.184019903,4.516683835,0
13.15219988,-9.570188027,1
9.501289529,-0.805458153,0
8.045677159,6.77595104,0
5.706462621,8.190700012,0
-0.534864888,-16.36882278,1
-16.36516335,5.977228577,0
-3.647040358,0.909450175,0
22.25003748,-2.814288413,0
5.938885415,-21.50669084,1
-8.624740874,11.68172092,0
12.87348612,4.416765238,0
-4.398316204,0.3654434,0
-1.369898118,28.06359419,0
4.604377519,14.70500281,0
-0.547344812,19.38840354,0
12.79177752,-0.678992078,0
-0.516240652,-15.57022689,1
19.77956952,-1.114576399,0
4.708729823,1.425135795,0
-4.467201077,3.778133838,0
11.33613077,-0.520181524,0
-13.09691324,5.860707915,0
-14.45861918,-14.25189611,1
1.079905316,-14.45505513,1
7.142408082,4.674829534,0
-8.967865055,-16.37581384,1
2.224625819,9.115499838,0
9.645300789,-25.05096576,1
19.10974382,8.001936283,0
9.823834478,12.00750501,0
-19.53116471,2.47602331,0
-7.105545576,3.981261297,0
-5.723015318,8.416489895,0
-14.11982396,-7.62577536,0
19.72481178,-15.33505045,1
-5.704153816,-10.30961929,1
12.6515628,12.36170114,0
1.277082894,19.66519005,0
2.5513447,11.32361066,0
-3.243008013,21.63064248,0
-5.721549019,-14.57370029,1
-10.50416973,16.32910405,0
-0.960723159,-13.08924249,1
15.12975112,-21.83146011,1
-7.475238347,-16.02077104,1
-5.560454364,-1.157198888,0
6.905641561,14.20222439,0
-15.04465732,11.04404848,0
0.479146706,5.159279106,0
3.511572942,9.013876307,0
6.445452924,7.339906342,0
21.40545802,-3.586985559,0
-5.811721122,3.250944524,0
20.10654359,-1.073801518,0
-12.69163927,-6.287033993,0
-4.227790451,14.34332298,0
1.157541768,-26.6163495,1
6.684727209,-13.57684482,1
14.5825895,8.329836064,0
-5.460787958,2.997842092,0
2.288903785,-17.03425022,1
12.73502394,-17.39502573,1
13.16341688,-0.136588569,0
1.911883458,19.64248343,0
6.924211004,-0.645758063,0
-15.66963876,11.56665014,0
-12.49331758,6.45059539,0
0.36641032,-3.504202812,0
-0.113450544,-10.9220023,1
-2.982297387,6.999963865,0
10.84517186,5.221475524,0
-20.27692491,-3.491123455,0
-20.18920065,-2.587338454,0
-20.38345582,-1.994545519,0
-20.43554112,-10.33960562,0
12.27367282,-17.80265854,1
16.87032534,3.107137794,0
-1.999728973,3.623241587,0
14.12746182,-14.39159837,1
-9.674746321,2.333876512,0
-14.52913166,-5.351050444,0
4.202118232,-2.472917902,0
-3.663857168,-24.45742599,1
-3.626552912,-10.50021948,1
-11.49502596,15.30590982,0
0.214201463,-11.21008282,1
-14.52386637,-5.994389127,0
-12.78600714,-2.987968797,0
14.02552394,2.885564633,0
-0.137738706,9.507493832,0
2.751319686,-1.791962301,0
13.36189259,11.1429982,0
13.60800202,9.070277014,0
-9.761720859,-3.908873706,0
-4.321855747,-14.23110889,1
3.851262688,13.42148035,0
-17.11824136,-6.353194804,0
17.20231288,6.399112656,0
3.31966378,-22.4045508,1
-19.00238851,1.107125062,0
-3.022227377,22.74779617,0
7.269540445,6.093743327,0
9.556499536,-19.62976297,1
-14.44968688,-0.791086324,0
-9.540706041,22.87354863,0
-13.7839304,-6.213127284,0
4.035968595,-0.617049725,0
-4.731076224,18.65778096,0
17.47135286,-16.09767932,1
15.15481223,5.133609121,0
-3.184004648,-8.121200894,1
13.93932451,-21.20482838,1
-11.43641759,13.07870572,0
5.32786886,6.136556716,0
-14.05866199,3.606357817,0
9.354441973,3.003897074,0
13.80472438,9.629759587,0
4.585924725,19.99494353,0
-6.613262562,1.029522404,0
1.469886203,-2.274746727,0
-1.023476953,-0.491019844,0
-16.49946193,15.07724094,0
1.958619601,12.11413651,0
-10.26180432,15.50364262,0
11.94470084,-4.032206209,0
-10.34691281,-2.036076181,0
4.177580495,-8.583036006,1
0.293967991,12.47034142,0
17.84407616,2.90994707,0
-3.163969526,-14.12210955,1
17.61715317,-1.435964831,0
10.45077336,-2.346632209,0
-13.09662663,15.59127423,0
15.29788192,-4.13374254,0
4.577541536,-13.665393,1
15.08414208,-14.50350221,1
4.482648665,2.42227158,0
18.54398844,3.867049672,0
5.643309616,22.39396763,0
2.290775533,-20.1429579,1
-3.601300682,-15.83734038,1
16.101181,-2.258158067,0
-1.83608111,1.343560345,0
5.988556463,-9.471172133,1
-4.88350284,-18.89592992,1
12.96069325,-15.36727854,1
-16.6775526,3.458781146,0
10.67089371,11.17906745,0
-6.130010395,-10.10671572,1
-6.714486394,17.49308921,0
-11.14465318,-4.630067724,0
1.220039912,4.091151016,0
-6.546723042,-1.211563886,0
0.283654922,11.19030543,0
-1.746802742,-18.89827528,1
17.00419191,-11.20257303,1
-7.644316965,17.90686984,0
15.87235625,-16.02045462,1
16.00743626,-5.087667186,0
-3.024629502,18.19722652,0
-2.782917374,-22.00455986,1
-1.431987542,6.384789974,0
14.65028386,1.781448379,0
16.94011869,5.415426054,0
-10.9077048,22.42580256,0
0.604702723,-13.60323046,1
-0.233868533,-15.73092222,1
6.980606407,-11.05882865,1
-1.759837904,-18.07395363,1
14.49901909,-9.45807279,1
-14.80729044,-15.67469585,1
-2.389974224,7.780467262,0
7.039796837,19.49439539,0
-17.17489716,-6.786729316,0
1.298546437,16.53112272,0
17.84651751,0.385877097,0
2.092182635,-9.50261888,1
-11.6711016,-7.128627364,0
-19.58172868,-1.644053425,0
-1.920076419,-2.628045606,0
15.40850442,-1.398239164,0
2.750526903,5.547588483,0
-8.550595653,8.408683938,0
0.225585318,-19.41883036,1
-0.420831199,-1.696361023,0
10.56332656,9.060857142,0
-1.498124118,-16.03434701,1
-4.054328922,22.38017849,0
4.674549709,10.29604717,0
3.021094779,-3.411290798,0
2.065396523,20.26736266,0
-0.944714792,-19.0122052,1
-18.93448694,3.370598459,0
6.579738523,19.30403441,0
1.072145698,21.08101231,0
12.33245598,-1.854647569,0
13.4737871,-17.05032774,1
5.432496487,10.45881304,0
7.587545944,-1.700426985,0
2.742136333,2.544746082,0
17.87998797,18.65460135,0
1.949219397,18.27349313,0
-17.80488645,16.77669133,0
1.094948761,7.905529608,0
2.402553111,-9.953205299,1
14.90036755,2.612205123,0
17.29730468,-19.40835,1
14.06682621,-0.042783501,0
-6.34665316,-12.83322229,1
-8.447865499,-5.623504274,0
6.855154065,-19.77081211,1
29.67244911,0.54390033,0
4.023931152,8.764609335,0
-17.27444349,-3.550560984,0
-4.66936327,-22.45519076,1
1.236054008,-22.86042908,1
11.3980831,-13.59499374,1
-8.560785248,-1.26202513,0
16.83917763,-0.709501076,0
13.37744929,0.155241061,0
2.434780058,2.948970579,0
-0.737452601,7.676666211,0
16.13897916,-4.561188373,0
-6.683817619,8.878581275,0
-10.54709669,20.00075851,0
0.592169338,0.344264254,0
16.64621773,2.05960098,0
0.405338872,-20.81604484,1
-7.152741631,10.25778162,0
-15.73611346,3.771627234,0
-14.12049586,17.35475954,0
-1.939883284,-14.73028231,1
3.069365828,-15.20874038,1
-8.008388674,-12.75050213,1
14.25875896,-9.721135973,1
-1.784788525,-24.09229777,1
-6.268497745,-16.19142148,1
7.681992329,-3.514943481,0
-19.38996791,11.87376316,0
13.43560706,-0.690066992,0
-0.293537648,-3.054264175,0
-6.301491321,2.038312238,0
1.8819029,-13.01718799,1
-10.4747645,0.963613804,0
8.305704254,-16.51267531,1
-11.00371261,-5.086514962,0
19.18115605,0.196250827,0
5.340502824,-1.863389671,0
8.985546673,-12.76093182,1
-17.93187433,-7.419762755,0
5.416313469,-11.47288332,1
9.240774813,7.338854506,0
17.17421204,-14.48024071,1
4.489731525,17.17695939,0
-5.229975897,-11.07169821,1
-11.51017881,-3.810702328,0
14.84464929,-2.24450224,0
5.063003482,10.98573417,0
17.98334663,13.30449099,0
-8.085109319,9.715768639,0
-6.538068447,-16.51947883,1
-6.153714724,-16.81235635,1
0.083213571,14.25153968,0
5.413336022,-14.35530706,1
17.2827126,15.99936281,0
14.81127475,7.099967231,0
3.011882077,-10.46156961,1
11.26071495,-16.87480841,1
-15.50157686,13.9327281,0
-15.94044629,0.043043181,0
-7.678558968,-1.814488672,0
-9.460536726,2.024074898,0
1.10639171,11.14301241,0
1.309257891,-17.80480348,1
16.13701626,-3.314009344,0
-6.499844089,22.10562992,0
0.229801332,16.2926428,0
13.38473442,-18.17231371,1
1.036889228,-13.47197738,1
-29.47654399,-9.472739141,0
-0.952651792,-11.02535583,1
15.69955429,2.625709405,0
1.802157275,-10.41938673,1
6.876387086,17.50412742,0
-6.880259805,-4.901444777,0
-18.07389561,3.845563682,0
10.9143631,0.639229055,0
-5.454567316,-17.37046529,1
6.030270229,-0.674439952,0
-9.863297014,-21.07285521,1
2.513351385,-10.31246417,1
-1.626393402,-16.95287472,1
17.28656684,-2.645993101,0
9.468764623,-8.580932072,1
-16.10564307,-3.469977355,0
-6.372498969,7.336167185,0
-2.542431359,-8.394624051,1
12.32060718,-4.632486942,0
-6.768885063,-11.40228318,1
1.231512426,16.44884233,0
-17.27150725,6.960279335,0
-14.9191736,6.417341926,0
-10.24225881,17.18479161,0
-3.070570893,8.563186471,0
6.460760342,9.108053323,0
-1.42002443,19.36864848,0
3.775629289,11.17057148,0
10.5176496,14.55183488,0
-18.04034111,-8.190602277,0
0.077621997,20.44383397,0
-1.860621625,20.22478417,0
2.798256627,-2.713442507,0
-2.416350454,1.639510281,0
-8.320424259,15.90535814,0
-4.583798991,20.14343502,0
-20.56112836,0.381277278,0
13.90726874,-2.4456142,0
-8.296409738,5.747217633,0
13.48784902,0.322439418,0
-14.77634239,-28.76794648,1
-16.68242543,6.964963982,0
-12.33765236,3.449871399,0
-16.76302409,-1.887699533,0
-4.640276286,-14.60089728,1
-11.05778371,-21.15933927,1
-18.8599463,-0.086178106,0
2.053769122,3.661872796,0
1.563271953,8.365237463,0
22.59625034,-3.388094231,0
-3.267946926,14.74144543,0
-6.971328149,2.238900225,0
-0.428549989,10.97013211,0
0.772709271,8.989751914,0
-0.337136389,0.594915061,0
15.396667,-12.56495747,1
-12.88506705,-16.82190787,1
7.496459135,17.3630838,0
-12.08101461,4.59853606,0
1.093673729,-9.592494673,1
-0.418014364,2.628388422,0
21.80605638,1.206686205,0
1.185339873,11.33084403,0
-1.736840068,18.23151005,0
4.950015236,24.07914098,0
9.72451907,-1.665729972,0
-11.42373516,9.872637603,0
-6.481757554,17.2317664,0
0.23615738,-9.801338358,1
11.51007451,-3.831800827,0
8.622089361,-18.48304316,1
15.80795905,2.813003309,0
-3.220786676,-13.33980624,1
19.80741296,11.23693779,0
-1.045773351,12.14629382,0
-19.44262807,4.468112647,0
-23.88741121,-0.878402829,0
4.517729557,2.834379005,0
9.316204083,12.67600068,0
18.37378746,-0.589750574,0
-11.21774736,-3.822194579,0
3.354722292,-16.22867632,1
-1.699880875,-14.89000477,1
-0.755743361,5.791143066,0
-0.671127321,-9.144205318,1
-18.39976694,3.48274224,0
21.16391827,2.208885832,0
3.767852448,16.56372781,0
-0.428271747,-16.05579485,1
11.10312941,-31.92165149,1
-1.910800222,10.68638625,0
0.76465602,6.984730577,0
6.107927181,0.703152512,0
-7.707906717,-10.58770659,1
3.12172372,-8.88689866,1
1.265850595,3.277262137,0
-8.637188463,-3.300539876,0
-14.57097799,9.116754059,0
-15.94208279,-6.504033413,0
24.76254013,9.10662519,0
0.186909287,-12.78044408,1
4.906400621,-13.43447583,1
-18.10850937,7.064633167,0
9.650422565,-2.241722398,0
9.504233677,-1.887713549,0
-1.652362494,-1.13186065,0
1.094463803,-23.33588595,1
-15.21348553,-0.660086366,0
-6.54980241,11.35863569,0
-2.683107574,-0.576717659,0
-11.99783797,21.11560176,0
-2.694639409,5.557189018,0
7.652815029,2.205691193,0
6.300059559,-17.98426674,1
18.28363702,-17.67869985,1
-4.0098891,9.495907216,0
-19.20120664,-3.913980044,0
19.61983004,12.11319405,0
-15.61699785,-6.813990758,0
-3.377913386,-14.95010284,1
6.035217474,14.58245465,0
-9.673829568,16.03421545,0
-15.42680606,10.15297535,0
-6.537057852,3.698277193,0
3.182161898,8.2505005,0
14.36435065,-11.80217613,1
-19.07559999,-9.165457228,0
-5.105553121,-19.04786764,1
-7.033443036,-16.27285329,1
7.875453243,-21.14146455,1
4.479043564,-1.143340607,0
7.260944397,-11.34806154,1
-4.743476016,7.74931294,0
-6.646726682,2.676585946,0
-3.541383092,-12.50125655,1
-2.818988799,19.36490118,0
-3.740205433,5.327970122,0
-17.07904638,5.444654137,0
4.427553127,3.573497736,0
1.677762791,-17.74609361,1
4.526635344,4.628021497,0
-15.54874044,10.02452332,0
12.97907451,-10.78049525,1
-13.45460466,15.11327073,0
-19.19240819,9.331998107,0
20.40415445,9.929405855,0
0.206283036,-0.442344665,0
-4.232604923,-9.42065122,1
-13.57390932,4.654562719,0
20.38623673,6.101014241,0
13.40834744,-31.0099289,1
0.705688877,-10.3793361,1
-3.493452491,0.571226917,0
-0.411164123,16.64573866,0
13.31250413,-1.743383367,0
6.164552437,5.61907697,0
-16.27686403,3.055835835,0
-16.00359418,-6.106357402,0
2.434628344,22.71511138,0
-0.996464175,5.505843034,0
1.909756014,13.22913928,0
-4.419897971,-17.65868466,1
9.617436687,-8.737706364,1
12.46075291,8.29706103,0
0.840567715,-32.39081087,1
-4.443749749,-3.054270256,0
16.64816898,5.210194359,0
17.15579676,-12.11878927,1
4.905945268,1.715684857,0
-18.15175225,3.110549664,0
0.678836524,-18.37109855,1
-1.355795311,-19.13500282,1
-17.16618762,9.665313836,0
13.19914508,6.601116135,0
0.555843363,1.977942385,0
15.06511236,-2.812292314,0
17.73477229,-2.292917213,0
-14.17191969,9.484656437,0
-12.20071438,13.93834518,0
-9.029349998,17.06957474,0
-0.963296301,9.696684435,0
12.18254376,9.415653556,0
11.31498539,16.16784645,0
-7.535313526,-19.16604675,1
12.73101196,13.43039115,0
2.570368915,17.0067018,0
6.502996588,1.434768938,0
-10.33530182,-5.573986881,0
3.365798847,5.695245019,0
-1.795848167,8.550284869,0
7.004859152,2.932420931,0
7.669793415,-14.52680004,1
3.908055166,-13.85123435,1
-14.05562975,14.46202823,0
17.00245429,-4.362691393,0
-2.284759486,3.159078834,0
2.349176005,-0.191209918,0
16.6948225,9.268639135,0
-16.43451462,11.05970485,0
14.5430199,9.344097949,0
-15.85474094,9.374697157,0
17.58936924,-0.770505017,0
5.466262341,16.77062097,0
9.548365077,14.60631646,0
-7.2727803,-9.919416115,1
25.05567513,7.115477899,0
2.753151913,-15.74246866,1
2.598096767,5.926643197,0
0.830815495,1.270942772,0
-14.59977712,9.2929696,0
-19.09525595,2.09407197,0
-2.012053156,-15.96102843,1
-9.567680571,7.747823461,0
-12.5381747,-13.03127633,1
-6.592360038,19.66442616,0
-14.54219942,-13.46994185,1
-0.499342846,-14.13238095,1
2.618112925,-2.14431326,0
1.50989697,16.09134473,0
4.462015787,-0.140584615,0
-1.553114397,10.3016591,0
16.46890281,-15.56346851,1
14.02372033,-12.92038786,1
14.49201629,1.130178987,0
17.95761224,-1.62056982,0
0.414497965,7.263969816,0
-18.87417639,-7.583260694,0
4.822282097,-22.2660015,1
17.7208055,25.96468787,0
16.06790841,-5.006762931,0
-16.55562123,-5.103806423,0
25.87422626,5.638695192,0
12.32968448,6.719259939,0
5.572637632,2.182990797,0
17.46709076,-1.134808088,0
13.99224849,17.70737389,0
-13.81290183,8.819784654,0
0.442088595,-9.860948022,1
-13.89583456,-14.94575507,1
-11.22851267,-9.657468175,1
-2.057892623,0.673822425,0
1.602069741,-14.65122352,1
-17.26480055,1.886714825,0
-1.169793883,-3.282767541,0
-7.045548123,-17.60810165,1
15.66576051,6.612839546,0
15.992096,-11.48335933,1
-7.948364533,-11.9555482,1
-11.0556638,-7.129540643,0
6.876399955,4.245614666,0
4.684128081,6.712131939,0
8.407306884,-21.46957168,1
3.994535354,-8.491300532,1
-14.47970027,-16.73711481,1
-2.839056981,15.39383655,0
-8.536997662,4.163518281,0
-16.75668997,7.606664306,0
10.2356275,9.468896398,0
23.53941055,3.530312511,0
17.72963581,-9.673021039,1
-13.36480446,12.97687291,0
-14.2000261,9.990515383,0
2.301620488,10.85729399,0
-7.333001976,-14.48900987,1
9.741544408,13.35971836,0
1.791648707,-17.16604068,1
-11.90510144,12.62775349,0
2.438238363,2.45121902,0
-0.538156242,4.088834492,0
3.418218855,16.05164996,0
-12.02221162,5.219772387,0
14.40565669,6.969717158,0
7.81754074,14.54241873,0
0.343878059,-7.944175935,1
1.287518457,-22.0744607,1
-16.37661785,9.858787889,0
-6.965879147,-21.52304308,1
-15.27901723,10.83412721,0
-5.646336637,4.702589797,0
6.09108517,16.89411882,0
1.81102435,9.43534428,0
-7.463177419,1.789025879,0
1.74254156,1.167776917,0
1.615381759,18.62579894,0
-1.164781892,2.216707781,0
1.936982226,5.869499581,0
8.556389454,11.77127077,0
15.65735669,-21.19256855,1
0.931668841,17.93967853,0
-3.712197808,4.27473466,0
-6.046361419,-13.61521065,1
-17.34251817,1.301798603,0
13.23182301,12.32135709,0
11.28921224,19.41016813,0
-3.752212589,3.012964754,0
17.14660481,2.596087334,0
17.69022353,-5.407582748,0
8.045398235,19.35129979,0
-10.75135069,0.823813473,0
-0.928283117,1.459127314,0
-11.98096586,3.235633654,0
-14.0760521,1.145468193,0
-17.78262361,-3.642713207,0
18.37929128,2.276838713,0
-6.154539483,7.549508705,0
-5.596588138,-3.324295702,0
1.094886896,-13.9935934,1
6.494928842,-22.18107917,1
-8.865918647,17.60699178,0
13.60784462,12.00471516,0
-2.507472473,-2.941832165,0
19.95451471,5.584299222,0
8.156664708,-18.85288486,1
16.41644343,14.13235371,0
-6.894612231,-2.21577613,0
7.285412844,-20.09009406,1
2.892826033,10.27943632,0
2.960499092,0.598292914,0
-3.276298736,-2.19033012,0
4.729881039,-12.46957391,1
-8.230947852,14.75376993,0
7.491852945,2.877959014,0
-12.87414494,2.29988131,0
1.302001791,1.664451247,0
-1.60871478,6.481204747,0
16.05132015,-5.880892372,0
-8.720907109,21.19600613,0
-12.53267329,9.36790072,0
-0.980128406,-24.49083995,1
3.835891639,8.286752725,0
-0.293213363,4.725156567,0
17.32866199,1.571388512,0
11.33595246,-11.71630531,1
4.072397977,3.088180835,0
-17.43222347,-4.652725667,0
-11.12669512,-13.23368979,1
-13.37809408,-8.128580042,0
-6.738363776,-12.99277228,1
17.48636735,-10.35791869,1
-7.844972044,-4.814910351,0
-5.727074158,-18.9283202,1
-9.132715724,10.69165707,0
-3.462154664,-24.32901697,1
9.346829806,-13.12778379,1
-13.17022652,-19.70855803,1
-0.392625587,5.217736823,0
-6.917975753,-2.907506727,0
17.51977622,-3.748266403,0
23.41953769,-0.249986906,0
9.600947296,12.44576085,0
-18.61839918,2.037943719,0
10.48077596,-11.36845742,1
0.993658727,-10.61203194,1
-8.106206516,-3.074301592,0
-20.83092585,-4.738955986,0
-4.666646931,-17.0627259,1
21.58362278,-14.98849478,1
-15.85925796,-12.75092963,1
-17.46156298,17.38118432,0
-7.976742949,-2.333880624,0
9.239035123,6.556874029,0
16.20728517,-1.0013819,0
-20.75200101,-2.944087778,0
-3.710334872,3.478959457,0
8.617364907,7.015572931,0
10.35832845,-18.87187508,1
11.87373641,18.18086341,0
-16.18565098,8.80123499,0
-1.528965562,9.78462929,0
21.304987,-0.463090943,0
-13.58789824,12.01212796,0
-1.354101491,-23.20626378,1
-19.500545,-1.208829962,0
0.615784651,10.77370506,0
-7.452908205,1.227932638,0
8.939847711,-19.12942596,1
-6.831982468,16.08081582,0
27.49805787,9.745384237,0
-11.86316386,14.78277172,0
-0.544083722,-9.991420583,1
-13.93548374,-13.90229375,1
-11.29892102,10.91666319,0
-4.6948043,-13.38044919,1
7.282818209,4.330277209,0
15.83236987,25.61889654,0
-2.813560872,-15.84095923,1
-2.576625978,16.76770126,0
3.928672707,19.85053412,0
2.653711824,-8.505113818,1
13.86708203,-15.23114746,1
12.57559588,14.10430809,0
0.03386025,-9.781558475,1
-18.30216796,4.088419884,0
-9.181012084,-2.026553992,0
12.25322617,12.67108269,0
-7.148303056,-10.04848638,1
11.54644935,12.29523855,0
-4.058755162,2.128282622,0
12.03882506,10.67401181,0
-13.41029651,8.145344255,0
-2.41727485,8.071892085,0
-8.811906259,-14.82942452,1
-17.50319086,3.543672643,0
-7.333890382,-15.27967094,1
-17.04095985,-8.501062544,0
-11.88089901,4.610103037,0
-7.380589777,5.181865868,0
-14.66318067,11.98750548,0
17.15888446,1.923919113,0
15.313702,-12.059514,1
11.13307292,10.99215949,0
-4.268794627,-13.07330406,1
1.41383666,0.631136408,0
7.641538825,-12.42616072,1
-15.46457402,2.190182449,0
2.097096525,9.716880408,0
-11.58021301,14.92166891,0
13.52758678,10.51871136,0
20.62558416,-18.42566409,1
2.925155243,-11.52372264,1
-0.301406242,6.956464399,0
-2.85379888,-19.37062326,1
-0.828668828,22.97111571,0
-7.21568228,0.420730282,0
3.191551474,3.463280729,0
0.887955852,3.222170553,0
1.447269053,-8.488803974,1
6.636243983,22.0189296,0
17.21080854,-13.1039157,1
-17.48270946,-2.256945853,0
-9.297915711,5.496660343,0
3.899183042,-7.482853584,1
-7.92491303,9.329402394,0
7.750345129,14.17325858,0
0.258443048,-10.43235525,1
14.93056214,-0.8129051,0
0.763080656,-15.35632412,1
-18.18498104,-2.807567931,0
5.887159876,5.36168285,0
18.40920785,1.938686446,0
-0.387484004,1.212613816,0
-6.049912233,18.7936516,0
2.106028066,-16.4277786,1
7.124136417,0.199244768,0
12.23979673,-12.54619997,1
11.43784229,11.45527499,0
12.32327785,10.46546541,0
-10.79414341,-1.603595296,0
-11.44531098,21.23906091,0
13.64870068,1.109108275,0
10.08566055,-0.407929519,0
-0.328362775,-0.52313477,0
12.30898425,-11.52303486,1
-3.123983243,-11.53056992,1
0.087945273,-9.110854005,1
-8.644421772,-9.97062201,1
-8.824120984,16.33436202,0
-6.826656858,-4.119696863,0
7.652811334,23.1581086,0
8.438647007,14.77958956,0
1.089922892,9.678486514,0
-10.94493014,14.96610594,0
-5.650291022,-15.64827753,1
-2.631196435,-16.47083033,1
-16.15193853,8.383212347,0
3.475405176,21.85924066,0
16.89262351,5.940937927,0
11.63962303,10.86763681,0
6.878105292,-0.30194548,0
-5.143646151,-12.27746383,1
17.39277231,19.24404131,0
-3.570878574,-2.707603618,0
6.255040163,-15.29360631,1
9.119885954,14.79156513,0
-3.207089572,20.05151063,0
-17.92987488,-1.667988475,0
2.261685856,8.741698425,0
-1.206636054,17.17856239,0
-6.078827709,5.540074227,0
-3.821706494,-12.61965528,1
4.892305522,12.18538603,0
18.43165603,3.983703475,0
-0.970218483,-8.004350199,1
9.15646961,11.39440132,0
-6.025878554,-11.69666422,1
-7.042389406,-9.260457776,1
3.477776573,7.364198542,0
-4.566199084,-15.35496373,1
15.76200051,-3.540830769,0
-3.019190331,-15.72316413,1
16.60107492,4.719642004,0
12.99600715,-1.903655038,0
0.499533225,-0.093113113,0
16.22901528,-11.84288427,1
-8.562869363,15.08725362,0
8.179133342,-14.21618699,1
-13.58346055,5.934712629,0
-13.71678713,5.146866558,0
18.43373456,0.272999775,0
25.7528704,-0.987386789,0
14.28505899,-10.43100257,1
-6.475911182,-10.80334069,1
-14.09394277,-2.278696112,0
1.708746259,2.299262639,0
-10.5742366,-0.954433583,0
-14.19694934,12.83065361,0
18.24136588,-13.08970714,1
6.170251919,-3.178743419,0
9.229070881,-10.61417328,1
-6.64849681,-12.65290832,1
9.975310566,-19.77044614,1
-8.281756928,22.36057274,0
-4.970072814,15.61189618,0
21.13482183,3.659668887,0
17.6258315,-9.171336941,1
-14.62171743,13.26084288,0
6.109608789,19.17449662,0
13.43097946,18.4239342,0
-0.963602543,-15.49944129,1
2.90036644,19.30048392,0
-0.689212936,19.51853129,0
-8.827691583,-18.11621891,1
-23.18013954,-7.840910576,0
-2.393914805,-15.59711236,1
2.245423639,5.352352373,0
22.93958906,2.865516739,0
1.10092826,2.315842748,0
-18.59339337,-4.198159003,0
11.90368579,9.92253457,0
-15.81356605,-20.92175753,1
11.61272981,14.51287011,0
-1.105408282,10.53658294,0
1.428183433,7.145553686,0
21.77967202,-0.176363418,0
3.556981461,0.324346573,0
-9.406852399,5.257969211,0
8.729594058,-20.692452,1
7.406831776,-14.6929499,1
3.762355471,15.28179398,0
2.734414271,-12.78311872,1
15.6658078,7.478629992,0
-19.16747076,-10.76440778,0
-7.773330616,0.108606479,0
-3.699567227,0.092087732,0
-0.659241997,-0.082078062,0
0.080884951,-17.13194016,1
9.859051126,17.86986806,0
-8.453728861,19.52608208,0
3.763402091,-8.844523334,1
-7.811534799,15.69830426,0
1.588357386,23.18298346,0
16.1206504,-2.788812053,0
30.05914595,5.989640566,0
4.276000647,-11.37830606,1
-8.256277634,-15.52218771,1
-2.712941744,-17.07360052,1
-12.24733747,14.28870769,0
7.216649956,-0.31635936,0
12.88889488,-10.29292907,1
3.175406375,4.474875489,0
-16.30537668,-5.449239069,0
-6.108910631,-4.122860201,0
7.56607848,-13.11341451,1
13.99862485,-16.78139779,1
8.204727481,-17.13457196,1
7.015018158,5.700773727,0
-16.9350081,-4.235073982,0
6.801849249,-19.1352185,1
-14.49907838,-4.845808435,0
-2.434480017,10.55791034,0
7.987501458,4.244346845,0
12.46383432,15.29384453,0
18.75007275,7.695596684,0
14.18949933,-16.26655016,1
6.602585637,-1.395681614,0
-1.478370964,2.746360108,0
1.919681431,-14.93361087,1
-12.88331386,11.04558723,0
-2.843321597,-22.82812676,1
1.051131877,-15.32837528,1
-0.226503336,-8.223319409,1
11.36123716,-1.14208472,0
-4.239819095,9.351666761,0
-6.281703501,9.372935112,0
-17.82350383,-0.489071928,0
4.846276085,-13.78670183,1
5.330065762,8.605524947,0
2.867653695,0.333850504,0
-4.949184443,1.828295237,0
-17.49840129,8.770337854,0
-1.930867352,4.538617385,0
-7.686059538,-12.65738622,1
-5.273258812,-13.78015749,1
-11.00643467,-9.067537399,0
8.224388355,1.602448911,0
10.91143624,3.318132995,0
-1.220353708,-14.3272263,1
-8.063492523,-3.748189463,0
-9.045880455,13.34477134,0
6.765930543,-9.526581964,1
-8.684778682,-10.35750335,1
-3.714661343,8.389404365,0
1.255339061,-0.644959862,0
10.11652361,-18.19190292,1
8.577782602,15.74696062,0
11.02662801,-2.494832006,0
-12.76672547,20.61482325,0
-8.63602137,14.08380319,0
1.982809943,3.929975682,0
-14.60509429,14.81473962,0
-6.288536577,2.427674551,0
-16.82738398,-2.480283109,0
-1.185273094,5.038735415,0
19.92321023,-3.956332655,0
16.71450912,-4.765203293,0
15.49882714,-14.97600072,1
-12.4208291,15.01012671,0
-5.700939136,-17.69268675,1
9.225511664,-11.94922774,1
1.160227628,20.64505956,0
-18.68391208,-3.396266385,0
21.78373783,6.3426946,0
-11.13233643,-19.44895374,1
5.335234034,-9.237499136,1
-5.788988912,5.503719131,0
7.511972508,20.80514848,0
-1.995355946,-12.9061762,1
-0.085484453,-1.067363199,0
-6.162398419,-18.41488737,1
8.780598379,12.80126842,0
-15.68619525,1.457768629,0
6.719505901,12.23074221,0
1.137627164,4.861466881,0
12.27241871,-11.26805401,1
16.36849795,0.12139035,0
-10.60763684,-13.21937538,1
1.810462942,6.87139441,0
-23.33346512,-2.111905484,0
17.40214485,0.817185524,0
-10.03447606,-22.93977764,1
-8.503060875,-4.58416956,0
3.248373778,8.487618083,0
-18.94943528,-7.523765459,0
8.865292286,8.581431187,0
2.187807893,-18.83290706,1
-1.469810248,8.533469964,0
5.604281215,-11.21993738,1
16.3729901,3.828852205,0
-14.13947504,31.40613015,0
-19.70816009,1.702430703,0
6.079221788,0.269506619,0
9.979084877,-17.87675063,1
12.75091607,-1.688947365,0
-13.46000544,-7.281726212,0
-5.748841062,-16.55908884,1
-3.91288027,11.73866614,0
9.659452229,16.86891102,0
-17.14471554,7.513004422,0
0.963542518,11.53373924,0
10.12512376,-13.40206184,1
3.152525139,-13.99748472,1
-0.495969986,11.35550935,0
5.637989261,0.18899891,0
-3.974277203,19.02653281,0
-19.28104581,-13.92572107,0
-13.91249546,6.374264844,0
13.52495946,2.557500416,0
11.94544378,-9.729648193,1
-1.081048843,-10.21089492,1
-8.459812767,-0.465651338,0
3.821587178,-13.42117129,1
-19.58620128,1.010877598,0
-16.97283675,8.763760923,0
-5.491018471,-16.43203117,1
-2.258970025,2.108365945,0
-5.384789391,-12.13111316,1
-11.93332824,1.658434891,0
-0.871667945,12.70005157,0
17.6829609,3.759516059,0
20.03819606,10.49268554,0
15.21974379,7.458272678,0
0.313909812,-14.85151708,1
-19.18018927,-2.222364286,0
-3.745868215,-16.40989709,1
9.260221814,15.39369228,0
15.59031984,16.07124848,0
-6.349861564,4.879803167,0
-7.831081215,-3.769077294,0
-0.443933925,-2.249696842,0
0.997098725,16.02142069,0
-11.37949646,14.1279538,0
16.9858785,4.496503373,0
14.73237384,2.050476547,0
13.49904432,5.287833763,0
-5.786056353,1.125775177,0
3.998243788,-13.18386004,1
3.563580017,-9.517563103,1
-11.63270141,14.54587937,0
2.131742535,-2.560572869,0
-7.826778146,12.51818698,0
12.08298188,7.434191693,0
18.82486807,-3.217917905,0
-10.09758955,-3.887630878,0
16.18809304,3.284315616,0
-11.87377802,-13.87014621,1
8.786692911,6.059483396,0
17.38263388,3.474148263,0
-6.405457621,14.32339358,0
0.027831181,-13.71069995,1
-7.935889936,-21.35419878,1
5.40693974,-12.06404559,1
3.306483214,-19.40830821,1
-3.817911409,13.38732038,0
11.70555036,-11.19965555,1
5.072219785,3.540528927,0
-11.86572755,11.52167142,0
-18.94722918,-24.53537975,1
19.61799283,-0.947836577,0
1.864661169,-11.38802631,1
20.78002647,2.990855141,0
17.86136637,-12.51098269,1
-9.87584126,-11.35833204,1
0.177844631,5.987351533,0
-5.018218888,19.27215376,0
-4.234809486,-16.10290125,1
6.42615141,-10.82064299,1
-2.456024253,10.3407963,0
2.996226998,19.76166377,0
-18.60378164,6.290451979,0
-10.67471261,-18.92222457,1
2.061287948,8.122105626,0
-3.330118203,16.12799862,0
-5.1549228,-15.36349682,1
-5.416752912,-18.33742346,1
0.441447051,19.03055885,0
1.628128095,-16.80560209,1
-21.202962,8.756737655,0
-6.76660786,5.343782249,0
4.748649501,7.847430164,0
9.691461071,-12.16220225,1
-20.18669265,1.024287633,0
18.43284215,2.928142528,0
-26.1669556,-4.239293292,0
4.410622738,-22.67701602,1
21.57393274,5.097315629,0
-1.668328033,-15.72195462,1
-8.026827357,4.527873206,0
-2.799556216,3.473834555,0
7.864387765,-14.0804851,1
0.26258945,-6.834933053,1
-7.510304355,2.968950382,0
22.53486357,16.211762,0
4.605091463,0.306984642,0
9.052359693,33.07377018,0
-4.101464781,-15.27273815,1
2.73301556,-13.8711276,1
-13.48478794,9.606564756,0
17.23041199,-11.49193133,1
-3.477906663,19.33255842,0
-9.62021079,12.92749532,0
9.094128933,12.80360657,0
-17.19560111,0.689032018,0
-0.55715078,-12.87870539,1
1.724070998,0.283511545,0
-18.20157546,4.892227615,0
-18.65889932,-5.340068372,0
1.959642657,1.738738264,0
4.164366583,-12.54819811,1
0.299757331,-23.54281129,1
-13.39387342,-15.82599329,1
-4.611770725,-10.4521646,1
-1.36359634,2.495203964,0
-4.783933048,-4.710808828,0
12.16386666,-12.96433213,1
-8.738951919,-4.590654734,0
-13.30783717,-6.780527227,0
16.35674925,20.02637122,0
-9.835707023,-11.41279609,1
10.5019311,20.37112459,0
14.5609827,16.45217878,0
-11.12027812,-0.579175954,0
-20.3493608,10.02014077,0
-17.60818895,0.942930275,0
0.509560075,5.486233386,0
-10.87768658,15.83795501,0
-20.04432897,3.66490252,0
-13.90998299,13.94528065,0
3.452377854,-18.28276495,1
8.397026321,21.91151291,0
-8.345861801,-20.48590298,1
-8.439897843,1.586647638,0
-0.847636446,-12.15281672,1
3.931391466,-15.96066533,1
-12.08649638,-16.59200894,1
0.160007054,3.631774075,0
-4.860523245,-9.83735972,1
-9.486270581,-4.146203741,0
-11.14786289,-17.79716021,1
31.95787859,5.645647106,0
-15.06004751,-16.68764068,1
12.50138631,-10.5303684,1
-8.636594255,3.026951929,0
7.111016176,-21.2703393,1
-0.4698047,-13.71469321,1
2.378244893,6.001020558,0
14.01536991,4.178252126,0
3.133329927,-0.539705458,0
-15.77464252,-7.583798159,0
-11.80772334,-1.592656669,0
-7.256969387,6.221505241,0
-5.246056086,-3.138359309,0
9.2205611,-18.74961309,1
-5.449638641,6.219243694,0
-15.77668125,4.941414118,0
3.096469672,1.578480557,0
0.219389179,0.373910975,0
3.265956628,28.36075622,0
-5.696394209,6.709769132,0
21.4524092,9.253365462,0
3.696106903,3.031798278,0
-1.80541641,7.797684338,0
-8.767655802,0.218162059,0
-8.853037851,-15.44529295,1
-4.098746767,2.448751481,0
12.04651082,-10.8871942,1
11.9019344,-10.43454693,1
-8.21122798,-0.388223097,0
3.018962231,20.99679237,0
-15.90565217,8.167465059,0
-21.07714972,-8.75822615,0
-2.133574719,-0.995891367,0
3.858403858,-0.737047168,0
3.77659679,-11.41358802,1
-1.796028874,12.79928717,0
16.00597051,-14.4738767,1
9.104467474,-2.011228046,0
-6.193163045,-4.479984211,0
15.79568664,0.613264889,0
13.6409743,-16.42878738,1
4.869786763,14.97079289,0
-13.23725674,14.69459214,0
-4.268471681,14.98608226,0
-3.75477503,-0.199071931,0
-5.009114382,-0.779583336,0
-3.298723782,7.737966145,0
-3.307687569,3.911788552,0
-12.92339087,14.20588825,0
-5.779135292,16.88371515,0
-18.0671524,12.89202198,0
-0.699011129,9.179962313,0
-3.139836416,2.938353638,0
11.9562568,8.632827544,0
3.951406935,-2.343496128,0
16.23229759,-3.425676534,0
-13.3535904,1.184389318,0
11.47261911,-15.96385005,1
-8.47591386,-17.705838,1
-1.916285717,5.793102251,0
-22.28621356,5.246959775,0
-13.16523319,-17.33129391,1
-9.886189766,-2.442833809,0
-2.551057187,10.12014736,0
-4.717809129,-10.56848632,1
-2.460325132,-18.4352313,1
13.18726833,6.293508649,0
0.035892264,-16.47477734,1
-15.74429149,-4.496513336,0
13.12210046,-0.842621933,0
-12.08318733,19.84159237,0
7.198036285,-11.64763643,1
18.39242933,11.18830356,0
-23.30188513,-6.403378079,0
-2.205093027,-12.79649447,1
-3.751167466,-18.54863055,1
5.045813412,-14.47556357,1
-5.328831728,10.18163598,0
-1.913165162,2.73354052,0
16.8955189,-11.61339501,1
6.069812836,2.729819998,0
-0.059473518,0.064092718,0
0.786544617,-16.73526951,1
18.19578107,-2.899803889,0
-3.683065218,-3.513547389,0
9.432280975,12.13553206,0
8.259819808,-17.63867874,1
-16.04699774,-9.53967958,0
12.56146399,24.2612205,0
10.78208738,-2.475940683,0
6.452029285,18.53199514,0
-4.124999224,7.025760348,0
-22.97575955,4.667723082,0
8.96428715,-15.78703693,1
-14.05162876,-24.39083955,1
17.91119327,3.406688413,0
-4.077838241,18.35530989,0
9.419864799,19.14133488,0
-4.420451824,4.528825025,0
14.57241966,2.515222684,0
11.69894341,9.405681672,0
1.190808578,17.06698844,0
5.670206007,-2.970153351,0
-6.12901925,17.86621387,0
-17.60897683,2.779253174,0
-1.956907513,10.0777172,0
6.311177926,-19.87015077,1
-3.79658597,-14.55044691,1
-17.01020271,-0.495824312,0
8.700685857,-17.5843059,1
6.030586302,3.567508241,0
-4.976121202,4.425877131,0
-13.65394147,15.8192821,0
-2.483257181,12.89519379,0
-1.879910384,-16.51252066,1
5.060198747,13.7986487,0
2.882820809,-20.7506115,1
3.141960258,-14.68093514,1
5.149324902,18.88114943,0
-6.258186527,-1.863424339,0
-1.193801739,-12.36292129,1
-4.894988174,16.71704114,0
-2.987268826,19.15026747,0
13.38155549,1.088477253,0
14.6578902,-1.912860324,0
-4.007442845,-17.39947818,1
9.052022241,20.65555793,0
-8.716381148,-0.152240116,0
16.17018565,1.231900354,0
-9.877291663,15.24290778,0
17.12852368,-12.87248376,1
9.353940542,-12.55729053,1
-16.42458076,-4.692286664,0
19.71425415,6.801974244,0
4.454677223,30.68301184,0
7.119357723,14.05545358,0
-12.26880907,0.38484422,0
-10.91318293,-10.46508323,1
7.611439674,-19.45291239,1
-25.5293514,11.03965338,0
-20.05816775,-0.215700626,0
17.26882983,-13.88030727,1
-10.86645224,0.502301586,0
0.358146412,8.667144058,0
-1.078164244,-10.59833021,1
-18.57380501,-9.977661189,0
-5.15006056,0.656087386,0
2.328508194,-14.45012627,1
-10.61471892,-7.842157615,0
4.416743705,2.068070015,0
-4.0627125,-0.362478406,0
-7.670930249,-2.81497209,0
-5.755954059,15.03276448,0
-17.03578313,-7.644856538,0
-11.04535981,17.08608165,0
-22.46964812,12.19456132,0
-8.999912253,-13.08960217,1
17.37462234,3.960156659,0
-0.838742779,-10.14498766,1
-19.74898174,2.85853875,0
-10.32892129,-11.06819207,1
8.747924179,-12.37607554,1
21.73616671,8.834223901,0
-4.488002398,16.46438856,0
-16.92032231,2.349920125,0
16.68545951,-2.374492143,0
14.33767392,3.477690606,0
-3.431223059,-10.45917995,1
2.649883012,10.3972906,0
0.91401822,-1.907145725,0
-2.064401785,19.38974358,0
10.27107478,3.577980723,0
9.943579932,9.916485626,0
13.92079179,-0.338141958,0
7.273426046,-10.23856654,1
-8.892488955,5.393772107,0
14.04455973,9.725274459,0
-6.624651144,9.81085698,0
-2.436315342,-4.579142996,0
3.937556655,18.01407136,0
-8.874853315,4.342700521,0
-0.105783611,0.528319004,0
-6.32236766,-0.089334699,0
16.1777884,-3.704602956,0
-19.4267136,1.390047678,0
15.76334805,-4.506509114,0
-6.447531425,26.58572094,0
-7.521532467,8.981058994,0
3.454585373,-8.070511555,1
4.199855972,8.190586967,0
5.150898365,12.66722216,0
-6.951704732,4.474986568,0
-20.13528307,-2.973849809,0
-1.09873169,-15.97697069,1
0.050204059,6.893068991,0
-7.773491713,8.046631279,0
-20.20343136,-4.868953605,0
16.58126908,-10.15804141,1
-9.736268034,-10.91634861,1
-10.91078445,0.827488668,0
16.95167486,-4.067752221,0
17.0777813,1.579058728,0
-0.282268046,22.51506123,0
-11.40450733,-11.99830875,1
-11.37412191,14.70879438,0
-21.76918009,8.267234643,0
16.72321448,-3.334418156,0
4.928675842,5.777658533,0
-1.418397686,7.547619678,0
-5.521755656,17.9231746,0
-2.674998236,-9.768952394,1
12.27169621,-14.24291742,1
4.76968873,7.321599878,0
-9.621653002,-13.51302062,1
-6.810615729,0.966712101,0
-10.80770383,5.711835797,0
-8.157020596,-1.059961349,0
-17.34535375,4.542698174,0
14.09272108,21.49615871,0
18.04771527,-1.433490234,0
-11.93549161,19.3908237,0
-9.230201656,-10.14864165,1
2.18238358,-0.426523148,0
14.2940632,-16.54128186,1
-5.874752992,16.03720014,0
-6.740605602,-3.452748609,0
6.499830616,-11.57591314,1
1.319400906,-18.64628988,1
-2.069939681,22.55336605,0
-17.15860053,4.65779262,0
-0.95744604,0.283550689,0
17.34918913,-1.698174193,0
15.2661794,1.535607001,0
-9.555940648,-10.16603643,1
-8.827881076,-13.45439635,1
-4.027364936,-5.070978694,0
-2.584864091,-15.59709816,1
1.736495262,-15.59668673,1
5.436190303,19.20733691,0
-6.112581089,-1.00434813,0
-18.83142557,4.891480912,0
18.15775009,-0.447741161,0
-8.881033596,-1.132633038,0
-10.15552688,2.800018068,0
16.66648403,6.689934632,0
-4.285140544,23.3477632,0
-6.940260963,3.189398388,0
13.96173098,-18.04715772,1
-12.71165545,14.29111607,0
-4.450428441,17.71421081,0
-15.41020807,-10.00571678,0
-16.00686092,-7.118982892,0
17.50641024,5.196432993,0
-12.14961088,-20.73713095,1
16.05627211,-14.85111643,1
-12.3836064,9.908651435,0
10.1559825,15.89408976,0
2.669953519,-17.95013649,1
12.80597802,1.815996858,0
-1.203304617,-9.729115095,1
-4.736587944,4.387812702,0
0.657338738,-17.34935689,1
-5.669637052,-19.90424856,1
-1.141383848,-8.347229415,1
12.51849787,8.001331727,0
5.90820021,-10.63217747,1
14.6972674,-20.23430654,1
16.24614618,-13.92262202,1
11.28910166,-12.46529857,1
-9.300713454,7.176230937,0
-12.84401299,16.14631595,0
-22.11869285,6.154211256,0
3.319728415,-15.04045714,1
-7.798319281,17.21842102,0
-1.588083256,-2.383392244,0
11.89364051,13.22710748,0
-6.446215045,-11.33575688,1
-9.515142126,13.55958108,0
-10.50573411,-3.382517718,0
-6.109663957,-15.50195853,1
-13.47815603,-11.66094685,0
-18.82763439,11.06503137,0
-7.007686475,17.0696073,0
18.35328918,0.893135745,0
15.61797035,-3.288699178,0
17.14997391,-15.42795831,1
0.524481728,-10.28137748,1
17.87601899,-0.563734947,0
8.958951244,28.90761519,0
-16.99930384,7.271469245,0
16.17738939,7.142723667,0
-0.432037957,-22.68499132,1
-5.454826097,7.926530001,0
12.11981736,-13.86737266,1
-4.015128202,14.73547369,0
4.718520624,17.65140359,0
-2.035008845,-18.85487594,1
-13.98407386,-7.348631019,0
-5.015774548,-22.89120014,1
-16.3055116,-1.681054579,0
15.20098495,-10.33242903,1
-1.329451311,20.53069947,0
5.550636836,12.28181886,0
1.291925524,3.697604306,0
-19.31542427,5.837467672,0
-15.60379725,-7.918301922,0
-8.757623735,-14.41866437,1
3.796299108,-12.69182624,1
-3.417570101,24.62057369,0
-0.58819686,18.20030376,0
15.84231927,7.921210548,0
-7.697064344,-13.81418456,1
4.442231499,15.2579037,0
-2.80025727,-14.21010954,1
27.27486806,12.84096559,0
-6.427468881,-1.635550313,0
0.666293157,-15.93571921,1
1.148742473,-13.22161856,1
11.60184409,11.21015212,0
-9.913772172,1.147016217,0
26.02884629,2.77232005,0
2.822530931,14.83363331,0
-0.548989455,1.201105998,0
23.29957173,12.58785071,0
10.63603399,-7.534833593,1
-4.72685116,-16.75492793,1
6.558766154,5.154516789,0
-9.102072334,8.2171534,0
-24.22308359,13.88968074,0
0.226515437,4.43454371,0
-10.37778869,-19.24062639,1
0.471728644,15.79378389,0
-22.74189296,-0.550122833,0
-10.9561257,-11.93872059,1
12.70932227,-17.97602225,1
5.346145538,15.21414631,0
8.825582634,13.1930841,0
-6.794628512,-14.20998245,1
-9.249164161,11.42880915,0
3.228269006,18.26218957,0
-1.27608973,-17.54484701,1
-17.40047518,-1.666064605,0
-5.155852431,-4.502357105,0
21.17044671,2.405248855,0
0.984741449,-12.47255032,1
10.44458842,15.60113006,0
0.666135827,0.266642631,0
12.24929716,-10.94073467,1
-16.62528383,16.65039948,0
25.78449587,-0.228256321,0
-18.02406388,-1.228037975,0
2.068574949,16.68753313,0
11.16758955,-2.043069709,0
-18.06081128,4.295985445,0
19.36382183,6.0075063,0
-12.32091275,7.85767821,0
-16.11596362,-1.034522759,0
13.06864366,12.06223326,0
19.60659525,-10.91202614,1
4.344661302,-15.85592978,1
12.00743848,14.09513018,0
15.08578856,-12.40995651,1
6.412254107,-14.66594353,1
-1.615389144,1.79390166,0
-11.54477998,-2.756003952,0
15.42301107,-16.23027959,1
-0.780796223,8.313029569,0
3.781121833,-15.42955963,1
-17.45147119,-1.116325024,0
5.09127204,-3.345147634,0
-2.921774541,-11.94382572,1
-4.872378189,-11.59014267,1
-1.400773531,18.47149782,0
-30.72291468,-1.821646633,0
-16.640493,-8.22816065,0
-5.913232919,7.216277713,0
17.57491667,2.089562205,0
-17.36504868,-11.13596532,0
-16.55237848,7.565739422,0
12.64811165,-14.70865771,1
-18.6943435,5.774678982,0
-1.169273984,-16.83743643,1
-9.21008694,-1.720253286,0
-1.196151072,0.749555858,0
23.16381449,14.22640422,0
-2.194034294,4.495250125,0
-16.63367064,9.377753526,0
1.496140188,-11.52229351,1
-1.542036576,17.26031372,0
3.085393148,15.23522259,0
6.249582887,17.99229109,0
-3.498935072,1.675537101,0
-17.60434458,6.80594217,0
-11.39703949,8.973980059,0
-17.74474372,0.297012655,0
-5.309237179,-12.41327657,1
1.766552601,-7.564878371,1
-9.101736777,7.633131881,0
-0.016267116,-17.52983417,1
-12.00408579,-9.25333091,0
1.467851744,14.52742049,0
-17.72266035,5.52454553,0
-10.37337332,18.51034476,0
3.942977957,17.29474688,0
-4.439332664,6.017105918,0
7.166464646,15.8922639,0
-5.883774029,3.611809116,0
5.02360541,-18.91020529,1
-19.90430614,-6.026851832,0
14.7127162,-17.59127274,1
7.142386512,-7.878492289,1
-18.27815604,-4.390506936,0
-18.47075039,6.818558753,0
17.66659739,-13.15767075,1
-13.77308189,17.82457508,0
12.36185267,20.44257434,0
-3.300549933,-18.18597147,1
-17.05589406,-5.895268348,0
-5.608030013,-10.38710924,1
-7.610722444,-16.30953108,1
0.67838934,7.906478314,0
0.569988422,-0.506514194,0
9.59563456,-2.840436109,0
3.377321637,-12.58428655,1
5.524073269,18.51434421,0
3.529230242,2.072534331,0
-13.72457094,-16.09193588,1
11.74436425,15.71940987,0
16.76863714,-5.148366041,0
-7.812964706,0.598785694,0
-2.291484782,-16.59166226,1
16.38651952,-15.65892371,1
16.33894128,4.691578342,0
-19.0008646,5.288265398,0
21.4744821,6.506221343,0
1.295509881,10.0679578,0
-6.398698693,-9.161910157,1
-9.319990697,-13.26840179,1
1.343878149,-9.402318861,1
-4.973503931,14.07119404,0
-8.989029545,12.85120533,0
-0.696437842,16.4843006,0
-4.556660067,27.29891903,0
-2.385187601,20.12749244,0
9.433217481,-18.81028652,1
-6.703679145,-21.35378633,1
15.47414637,-2.318197109,0
-19.48532648,-1.791242161,0
-7.911670104,-15.71518706,1
20.50404356,-14.24412705,1
15.26416305,-2.992918755,0
18.25051178,1.127622172,0
-0.099467623,20.32742791,0
19.81128936,-16.79857311,1
10.89241125,24.62828646,0
3.210108982,-21.77917621,1
-1.2173697,1.233810049,0
-17.60302222,0.099185328,0
2.51150043,-15.66901427,1
5.331046498,0.58734117,0
-12.32010847,1.466263784,0
-3.613933585,-11.34847362,1
11.88648008,3.024069423,0
1.547844593,-3.429855105,0
11.67247329,10.06401037,0
9.017474802,16.73557096,0
-0.086362221,5.468180976,0
-17.32777524,1.566032534,0
9.864220164,19.18906706,0
-11.51400779,2.011522074,0
-2.30381521,-14.74971257,1
-10.83947026,-2.764817753,0
2.850404338,8.973043471,0
1.966678584,-11.92254233,1
-6.633060263,-2.503636544,0
18.37999654,-0.887203105,0
6.648365911,-9.518519724,1
-1.710179171,3.575836035,0
-17.34875414,17.91859718,0
-9.554412674,15.65651829,0
0.603451869,19.37360367,0
14.34763658,-12.93855593,1
15.34768904,5.623923882,0
16.5478856,-0.322538631,0
4.201524769,-8.135623546,1
-7.39970736,-12.21511559,1
-16.26290408,-6.162908127,0
6.897793343,-12.97078577,1
14.08673372,13.09377032,0
16.65269392,-14.51956035,1
19.85371021,-15.86918108,1
0.618654113,2.870155534,0
0.526153823,13.21507389,0
-0.672949081,-17.5185751,1
7.768017707,-13.17259931,1
2.487837923,-22.15035824,1
-11.21467412,-16.41063891,1
9.087549276,12.46755269,0
2.37551924,-8.458844027,1
-10.73375205,15.12694751,0
-19.93787086,1.348578363,0
-18.06893157,-6.781133526,0
7.380094999,9.558032896,0
-5.764391701,1.800016962,0
3.226478784,29.51352194,0
-2.166054275,-0.436074013,0
0.680731794,-11.98752611,1
-9.295980574,-19.39502749,1
9.102349253,16.5504659,0
4.075768715,-25.86795172,1
17.36253958,13.9745492,0
-19.71079416,-6.811740336,0
26.43009664,5.124984476,0
-10.03843844,0.312524277,0
-2.091325881,-11.89942599,1
5.02232105,8.354989259,0
-9.220885294,16.19555446,0
-14.44938519,-1.826379544,0
17.99381613,-2.168256814,0
14.56032453,5.484978155,0
14.57436307,5.708633856,0
-18.67044966,-5.900517831,0
-5.189556348,1.149850115,0
-18.8162342,-4.726407465,0
6.234426912,14.94923964,0
2.647818396,-13.40035334,1
-14.0853644,-2.983209223,0
-19.78767872,13.22970806,0
-14.92799248,14.30032432,0
-12.44690062,-16.73723785,1
16.27272925,3.05699557,0
15.42880137,4.192394071,0
-9.785058677,-0.760693833,0
22.25352801,4.139690599,0
-11.36470237,3.699861915,0
-5.584448338,-13.80423871,1
9.519126897,-12.48571273,1
16.57157811,6.42376701,0
1.503993113,-21.76726409,1
-5.993494807,17.18087464,0
11.3260378,-10.47879452,1
1.509207374,15.35177618,0
-3.181929368,11.56293159,0
11.0765752,13.43237005,0
-1.74750939,-8.207606089,1
-11.0309859,11.80636055,0
16.82839195,6.569069716,0
2.192737083,12.71700316,0
-7.523023854,-15.55477766,1
14.65613745,-12.5474829,1
-18.3048953,-3.629138958,0
-10.75538496,-21.97579265,1
-4.106470317,8.120607965,0
4.111570818,-17.09982377,1
15.45101915,13.04250134,0
-13.1340603,13.64183737,0
2.78054919,4.370599607,0
-17.88846641,10.22798582,0
-13.46402955,-16.7601594,1
-8.128259011,12.07896104,0
-12.41732969,2.806272906,0
17.12440909,-18.93429644,1
-18.2747392,12.65014069,0
-9.865655545,-5.662574435,0
-0.910163435,-3.317059266,0
17.20404696,-14.14431365,1
-1.590689444,11.36568169,0
-20.97167713,9.319714247,0
-7.171086551,15.17330806,0
13.98715404,-14.6382498,1
-3.673729134,-13.85368429,1
12.5277141,9.790966568,0
-3.924717058,21.73992865,0
13.22772411,16.2664828,0
-7.045063915,23.54969194,0
9.419283217,5.045524615,0
-4.124051906,-17.18556702,1
4.986949189,-1.316466551,0
14.70068363,-16.96298523,1
21.25793611,-6.039176599,0
-4.644786847,-18.79328383,1
3.211194138,-2.28103499,0
-5.607674896,0.089084149,0
19.95632713,-14.37218131,1
19.77297777,-4.588366641,0
-3.324670003,-15.15310528,1
1.506086694,-13.50661785,1
-1.511722629,-9.919636475,1
-6.20038353,10.35837604,0
3.713076141,-9.850481773,1
-6.298293804,-4.864865969,0
-12.25416891,0.722200509,0
8.448048561,-7.27149713,1
0.84552757,23.5742945,0
26.79192028,-11.12595603,1
21.30394056,0.486872441,0
4.450313619,-17.836178,1
-16.03040666,4.405357893,0
5.855945106,6.222006432,0
18.99045741,-3.394287363,0
-15.24630423,-3.316684479,0
2.653722657,4.742717031,0
-3.68855892,6.188596656,0
3.320859598,3.756525175,0
-17.76126302,4.854859056,0
4.628851276,-19.96571586,1
-16.52312255,2.679078619,0
-6.899515099,9.548224735,0
13.3168209,2.371283998,0
-13.34602346,19.77404749,0
-1.89492968,5.021163118,0
13.53361825,-18.09151533,1
-18.82708287,-0.571466799,0
-7.050030783,-3.458052228,0
16.12659503,0.338261292,0
32.57535346,0.857907402,0
-19.64907616,-0.281649698,0
7.906848535,-18.8957036,1
15.93261655,-1.230914662,0
15.73610627,4.870444773,0
-8.633513173,-12.67699502,1
14.13338708,-17.93460023,1
-12.36352744,-11.55190565,1
-9.537288666,17.33607003,0
-11.09969771,-18.61181469,1
-17.47304859,2.414246785,0
-1.627923136,15.02709415,0
-2.538285803,0.293153538,0
24.54602478,12.6733076,0
-1.271621218,16.65949517,0
-6.091328707,18.53255591,0
-0.297501971,-17.23891755,1
15.15925606,-3.211138982,0
1.468631715,-7.882990751,1
-1.699551571,-10.80799458,1
-15.70313257,9.559153238,0
7.124844996,17.42743443,0
-20.44659898,11.975867,0
12.28827485,-15.11542138,1
1.342257785,-2.015866132,0
-18.65981351,-3.00285722,0
-1.340919496,-13.90619834,1
-0.227538883,-13.31242331,1
5.21230652,-15.74640514,1
-19.88654496,1.576219342,0
-17.82116786,15.32460186,0
19.02490243,9.105449138,0
-22.72438958,5.791056264,0
-0.47691385,2.207022887,0
-4.048189463,-20.34106605,1
17.54041222,5.894718628,0
7.882653665,7.16667273,0
8.745350116,2.656998171,0
-4.568993744,-12.16699228,1
-0.230594825,-15.30457959,1
-3.55585812,10.88873245,0
0.492988052,-16.33113168,1
18.06152195,-6.099665138,0
-2.582810394,-1.233870227,0
18.28105613,-4.248390849,0
-18.69060571,10.43960393,0
6.322010059,5.717585723,0
0.22708736,-21.86031774,1
-4.53205371,2.227860289,0
12.71546445,-17.6747114,1
2.848052231,-17.12837944,1
-12.5063469,14.49471903,0
3.159795151,13.59697354,0
-3.17531526,5.722860246,0
-18.6800338,-8.19170851,0
3.572558075,15.80830287,0
14.61969415,-1.710247762,0
2.886783286,-17.92456858,1
0.318574599,2.332986742,0
-1.533408251,-13.26633641,1
-16.68335163,0.967580706,0
-16.8534604,15.89434923,0
-4.937615959,-1.659220559,0
-0.133753742,9.74169342,0
8.13799651,7.514599463,0
15.41005946,-5.395866895,0
24.59639254,17.8144035,0
1.761085057,13.54569082,0
13.08225405,-0.464879552,0
17.95457669,1.869089277,0
-14.01412752,3.179704964,0
5.43116903,-16.39375955,1
-4.581446107,14.70501681,0
0.041800533,9.214015897,0
10.90477547,14.7061187,0
25.97033795,0.384565038,0
-14.32011906,13.88196197,0
-21.71555793,6.585139538,0
15.9285988,8.551115673,0
10.15789805,11.55483217,0
-15.11781934,-5.21156961,0
9.539801658,21.93419355,0
4.180058027,-22.25701321,1
-3.420924057,-12.89996468,1
0.025277139,18.97628761,0
-6.739053395,18.19619857,0
3.200214532,-16.66448849,1
-11.96669041,0.26317293,0
0.404743272,18.17137252,0
7.097137827,11.16074207,0
-17.23175836,5.738997706,0
-11.88322247,9.899174583,0
-11.29899207,-16.84442834,1
6.381075097,-0.106261844,0
5.063251608,-11.22959729,1
17.2740803,26.78042948,0
15.9565648,6.027588784,0
-5.686764018,13.71938302,0
-0.218452662,-10.19781617,1
-15.42410143,-1.85518564,0
-10.57229359,-15.24392992,1
-9.62415236,-1.320743592,0
13.37299262,6.097219042,0
-4.952205685,-16.07037334,1
15.12520652,6.105379063,0
3.460546025,-8.883099302,1
8.054830768,16.31254684,0
20.72753926,11.84329093,0
-0.878283943,2.151329632,0
2.579439685,19.26002126,0
21.47187195,5.305180718,0
3.996958302,18.43641076,0
6.597074604,2.707025905,0
0.516097318,-15.40072393,1
11.52739254,-0.322266616,0
2.982798319,-9.941268328,1
-6.031033385,22.04378792,0
-2.949685839,4.252615143,0
10.98687649,-9.786752087,1
4.987043787,4.395607691,0
9.80519371,11.79697456,0
13.23848501,-11.26872687,1
7.231570003,1.21590837,0
-18.76465508,6.638309948,0
-4.102028588,8.607980541,0
8.517970406,1.053134189,0
-11.89632322,-18.75814825,1
-23.00230321,3.209447001,0
5.958869894,-14.6004189,1
-9.858031356,-0.18660029,0
-9.097934649,-2.917553955,0
-9.885515224,13.39813177,0
-16.74148253,-12.83929971,1
-8.440403217,-10.78980725,1
0.085424824,12.39578418,0
1.463671384,23.65858904,0
6.784788037,7.777918558,0
19.22683918,6.684388585,0
-15.20390697,10.18893956,0
-2.409267935,-13.45478672,1
7.008962033,12.83493313,0
-3.402400021,17.55028733,0
-18.5816306,-0.506230457,0
0.461003503,-9.272735547,1
1.481838155,17.47908533,0
16.77477755,-9.770099938,1
7.835835811,12.07006278,0
0.390598574,-9.530442982,1
14.73817919,-15.65761521,1
-19.23025862,1.835891649,0
0.09689244,-21.71624999,1
-9.064559431,-20.13535352,1
4.427755342,-11.40974531,1
11.90650198,13.86451566,0
-7.919548813,8.466200061,0
-17.86820307,6.665913021,0
17.08130798,-2.976173099,0
-4.389679141,-1.605605878,0
-2.918540101,9.925485803,0
2.438465514,-15.32277971,1
15.10307755,14.53255304,0
21.93168432,-28.77218945,1
18.17653785,-2.228090853,0
-1.190782485,-16.27438662,1
-12.80932108,-2.354381539,0
0.560904512,16.79606907,0
-0.783587094,19.12643951,0
-6.715744478,6.58727704,0
-16.24095768,9.286795101,0
-2.941996842,-12.66858408,1
2.922473456,24.50464022,0
-16.95274302,0.645737619,0
16.91816262,-11.92609633,1
4.312184634,-14.35817405,1
-3.545261849,-0.545938296,0
-20.98424843,8.179295515,0
8.364632359,2.885524244,0
-10.76014858,2.488291024,0
6.285296793,11.96223349,0
15.81049513,-14.19058146,1
9.561481,10.94932515,0
11.77022005,5.313446166,0
0.170166151,-11.74614725,1
21.4159245,7.433240459,0
-19.30324498,13.06927253,0
19.15780207,14.17281256,0
-2.925870536,-18.2351106,1
6.618880329,27.15266543,0
-2.722916573,-3.402758892,0
-8.761250552,6.011380863,0
1.68634085,7.294835545,0
-3.743806208,-15.08808585,1
2.122578472,-12.94506718,1
-6.639471645,-0.136897457,0
-8.940153794,0.704811415,0
5.557864654,2.535359948,0
20.12192919,9.0926577,0
13.46023375,-16.72300741,1
-15.69944155,-15.31371482,1
-2.948856043,-24.01347092,1
-1.955022882,-9.455953404,1
-14.47546331,-14.80434576,1
-11.9298059,3.351243283,0
15.77256902,8.353521139,0
-8.497959851,-14.28098195,1
9.462505091,-19.17138681,1
16.59885657,-14.07519787,1
3.28540081,7.669043278,0
17.3958352,-3.540938908,0
-8.572390085,15.84637312,0
-7.819194759,0.830002266,0
2.76810252,-0.219776416,0
14.42735066,-17.28940362,1
-12.2823314,-1.591326993,0
-3.362660784,4.830525386,0
-16.48597091,10.62565311,0
-15.29405223,4.272810176,0
-10.9256269,-17.45299055,1
-19.74333531,3.434921944,0
-18.05531559,5.942093181,0
2.156167782,-2.260080767,0
-8.914628625,-18.86483027,1
-7.152371101,-11.14917605,1
-5.59397399,7.597736848,0
14.6933071,-13.08916028,1
8.09586644,-20.67064091,1
8.409760507,-2.039177055,0
-16.02422196,11.73644448,0
-15.4676684,8.993236023,0
-3.10997152,16.72583229,0
23.38387524,-2.356951171,0
-9.313570008,11.17574765,0
20.09626963,12.46544698,0
-16.90762467,11.80216453,0
-1.688681503,-14.26720106,1
-4.64046066,-1.768660429,0
-7.766351799,3.459013307,0
-3.264329349,-21.0806422,1
-1.588900608,14.38297012,0
-5.417307485,3.687501294,0
17.63663892,-1.994147795,0
14.14253485,10.68852842,0
2.547216863,-34.9361275,1
-2.083002674,-3.942478227,0
